id,name,popularity,duration_ms,explicit,artists,id_artists,release_date,danceability,energy,key,loudness,mode,speechiness,acousticness,instrumentalness,liveness,valence,tempo,time_signature
4iJyoBOLtHqaGxP12qzhQI,Peaches (feat. Daniel Caesar & Giveon),100,198082,1,"['Justin Bieber', 'Daniel Caesar', 'Giveon']","['1uNFoZAHBGtllmzznpCI3s', '20wkVLutqVOYrc0kxFs7rA', '4fxd5Ee7UefO4CUXgwJ7IP']",3/19/2021,0.677,0.696,0,-6.181,1,0.119,0.321,0,0.42,0.464,90.03,4
7lPN2DXiMsVn7XUKtOW1CS,drivers license,99,242014,1,['Olivia Rodrigo'],['1McMsnEElThX1knmY4oliG'],1/8/2021,0.585,0.436,10,-8.761,1,0.0601,0.721,1.31E-05,0.105,0.132,143.874,4
3Ofmpyhv5UAQ70mENzB277,Astronaut In The Ocean,98,132780,0,['Masked Wolf'],['1uU7g3DNSbsu0QjSEqZtEd'],1/6/2021,0.778,0.695,4,-6.865,0,0.0913,0.175,0,0.15,0.472,149.996,4
5QO79kh1waicV47BqGRL3g,Save Your Tears,97,215627,1,['The Weeknd'],['1Xyo4u8uXC1ZmMpatF05PJ'],3/20/2020,0.68,0.826,0,-5.487,1,0.0309,0.0212,1.24E-05,0.543,0.644,118.051,4
6tDDoYIxWvMLTdKpjFkc1B,telepatÃ­a,97,160191,0,['Kali Uchis'],['1U1el3k54VvEUzo3ybLPlM'],12/4/2020,0.653,0.524,11,-9.016,0,0.0502,0.112,0,0.203,0.553,83.97,4
0VjIjW4GlUZAMYd2vXMi3b,Blinding Lights,96,200040,0,['The Weeknd'],['1Xyo4u8uXC1ZmMpatF05PJ'],3/20/2020,0.514,0.73,1,-5.934,1,0.0598,0.00146,9.54E-05,0.0897,0.334,171.005,4
7MAibcTli4IisCtbHKrGMh,Leave The Door Open,96,242096,0,"['Bruno Mars', 'Anderson .Paak', 'Silk Sonic']","['0du5cEVh5yTK9QJze8zA0C', '3jK9MiCrA42lLAdMGUZpwa', '6PvvGcCY2XtUcSRld1Wilr']",3/5/2021,0.586,0.616,5,-7.964,1,0.0324,0.182,0,0.0927,0.719,148.088,4
6f3Slt0GbA2bPZlz0aIFXN,The Business,95,164000,0,['TiÃ«sto'],['2o5jDhtHVPhrJdv3cEQ99Z'],9/16/2020,0.798,0.62,8,-7.079,0,0.232,0.414,0.0192,0.112,0.235,120.031,4
60ynsPSSKe6O3sfwRnIBRf,Streets,94,226987,1,['Doja Cat'],['5cj0lLjcoR7YOSnhnX0Po5'],11/7/2019,0.749,0.463,11,-8.433,1,0.0828,0.208,0.0371,0.337,0.19,90.028,4
3FAJ6O0NOHQV8Mc5Ri6ENp,Heartbreak Anniversary,94,198371,0,['Giveon'],['4fxd5Ee7UefO4CUXgwJ7IP'],3/27/2020,0.449,0.465,0,-8.964,1,0.0791,0.524,1.02E-06,0.303,0.543,89.087,3
27OeeYzk6klgBh83TSvGMA,WITHOUT YOU,94,161385,1,['The Kid LAROI'],['2tIP7SsRs7vjIcLrU85W8J'],11/6/2020,0.662,0.413,0,-7.357,1,0.0299,0.213,0,0.134,0.467,93.005,4
1xK1Gg9SxG8fy2Ya373oqb,Bandido,94,232853,0,"['Myke Towers', 'Juhn']","['7iK8PXO48WeuP03g8YR51W', '2LmcxBak1alK1bf7d1beTr']",12/10/2020,0.713,0.617,8,-4.637,1,0.0887,0.122,0,0.0962,0.682,168.021,4
7Bk0uXKk1uPT0XuQbpFzvs,Fiel,94,261667,0,"['Los Legendarios', 'Wisin', 'Jhay Cortez']","['0n6sKrG0xKAf8xmdqeNGke', '3E6xrwgnVfYCrCs0ePERDz', '0EFisYRi20PTADoJrifHrz']",2/4/2021,0.849,0.701,6,-4.407,0,0.06,0.407,0,0.112,0.505,98.005,4
4cG7HUWYHBV6R6tHn1gxrl,Friday (feat. Mufasa & Hypeman) - Dopamine Re-Edit,94,169153,0,"['Riton', 'Nightcrawlers', 'Mufasa & Hypeman', 'Dopamine']","['7i9j813KFoSBMldGqlh2Z1', '1gALaWbNDnwS2ECV09sn2A', '4L2dV3zY7RmkeiNO035Fi0', '3Edve4VIATi0OZngclQlkN']",1/15/2021,0.824,0.862,2,-3.424,1,0.126,0.0076,0.000132,0.303,0.801,122.98,4
2XIc1pqjXV3Cr2BQUGNBck,LA NOCHE DE ANOCHE,93,203201,0,"['Bad Bunny', 'ROSALÃA']","['4q3ewBCX7sLwd24euuV69X', '7ltDVBr6mKbRvohxheJ9h1']",11/27/2020,0.856,0.618,7,-4.892,1,0.286,0.0303,0,0.0866,0.391,81.993,4
3YJJjQPAbDT7mGpX3WtQ9A,Good Days,93,279204,1,['SZA'],['7tYKF4w9nC0nq9CsPZTHyP'],12/25/2020,0.436,0.655,1,-8.37,0,0.0583,0.499,8.10E-06,0.688,0.412,121.002,4
6UelLqGlWMcVH1E5c4H7lY,Watermelon Sugar,92,174000,0,['Harry Styles'],['6KImCVD70vtIoJWnq6nGn3'],12/13/2019,0.548,0.816,0,-4.209,1,0.0465,0.122,0,0.335,0.557,95.39,4
47EiUVwUp4C9fGccaPuUCS,DÃKITI,92,205090,1,"['Bad Bunny', 'Jhay Cortez']","['4q3ewBCX7sLwd24euuV69X', '0EFisYRi20PTADoJrifHrz']",10/30/2020,0.731,0.573,4,-10.059,0,0.0544,0.401,5.22E-05,0.113,0.145,109.928,4
35mvY5S1H3J2QZyna3TFe0,positions,92,172325,1,['Ariana Grande'],['66CXWjxzNUsdJxJ2JdwvnR'],10/30/2020,0.737,0.802,0,-4.771,1,0.0878,0.468,0,0.0931,0.682,144.015,4
3VvA1wSxukMLsvXoXtlwWx,Hecha Pa' Mi,92,186133,0,['Boza'],['2NfSBtmWe7oPw1EmetJVso'],7/31/2020,0.725,0.756,4,-5.013,1,0.0572,0.362,0.000685,0.103,0.828,100.07,4
6ft4hAq6yde8jPZY2i5zLr,Paradise (feat. Dermot Kennedy),92,167903,0,"['MEDUZA', 'Dermot Kennedy']","['0xRXCcSX89eobfrshSVdyu', '5KNNVgR6LBIABRIomyCwKJ']",10/30/2020,0.632,0.595,8,-7.644,0,0.0401,0.0689,0,0.209,0.435,124.114,4
5YYW3yRktprLRr47WK219Y,Ella No Es Tuya - Remix,92,218107,0,"['Rochy RD', 'Myke Towers', 'Nicki Nicole']","['4riOEaOW5hCeqomFDBk0aP', '7iK8PXO48WeuP03g8YR51W', '2UZIAOlrnyZmyzt1nuXr9y']",2/3/2021,0.585,0.611,6,-4.132,1,0.288,0.39,0,0.649,0.962,97.041,4
1XXimziG1uhM0eDNCZCrUl,Up,92,156945,1,['Cardi B'],['4kYSro6naA4h99UJvo89HB'],2/5/2021,0.868,0.795,11,-6.044,1,0.269,0.0012,0.0193,0.0461,0.819,166,4
5uEYRdEIh9Bo4fpjDd4Na9,Goosebumps - Remix,92,162803,1,"['Travis Scott', 'HVME']","['0Y5tJX1MQlPlqiwlOH1tJY', '2o08sCWF5yyo2G4DCiT7T9']",1/15/2021,0.841,0.593,1,-7.846,1,0.0379,0.418,0,0.124,0.808,124.917,4
4u4NyuceXP7Uzh7XFJKCr1,Hold On,92,170813,0,['Justin Bieber'],['1uNFoZAHBGtllmzznpCI3s'],3/5/2021,0.658,0.634,1,-5.797,0,0.0413,0.0106,0,0.132,0.29,139.98,4
3iw6V4LH7yPj1ESORX9RIN,Wellerman - Sea Shanty / 220 KID x Billen Ted Remix,92,116750,0,"['Nathan Evans', '220 KID', 'Billen Ted']","['1PKErrAhYFdfrDymGHRQRo', '4Euia7UzdRshy1DJOSMTcs', '5PoZtBo8xZKqPWlZrIDq82']",1/21/2021,0.722,0.893,0,-3.255,0,0.0475,0.0441,0.000937,0.0673,0.439,119.932,4
4saklk6nie3yiGePpBwUoc,Dynamite,91,199054,0,['BTS'],['3Nrfpe0tUJi4K4DXYWgMUX'],11/20/2020,0.746,0.765,6,-4.41,0,0.0993,0.0112,0,0.0936,0.737,114.044,4
45bE4HXI0AwGZXfZtMp8JR,you broke me first,91,169266,0,['Tate McRae'],['45dkTj5sMRSjrmBSBeiHym'],4/17/2020,0.667,0.373,4,-9.389,1,0.05,0.785,0,0.0906,0.0823,124.148,4
7vrJn5hDSXRmdXoR30KgF1,BICHOTA,91,178947,1,['KAROL G'],['790FomKkXshlbRYZFtlgla'],10/23/2020,0.863,0.666,1,-4.158,0,0.152,0.212,0.000493,0.103,0.838,163.908,4
6Im9k8u9iIzKMrmV7BWtlF,34+35,91,173711,1,['Ariana Grande'],['66CXWjxzNUsdJxJ2JdwvnR'],10/30/2020,0.83,0.585,0,-6.476,1,0.094,0.237,0,0.248,0.485,109.978,4
7ytR5pFWmSjzHJIeQkgog4,ROCKSTAR (feat. Roddy Ricch),91,181733,1,"['DaBaby', 'Roddy Ricch']","['4r63FhuTkUYltbVAg5TQnk', '757aE44tKEUQEqRuT6GnEB']",4/17/2020,0.746,0.69,11,-7.956,1,0.164,0.247,0,0.101,0.497,89.977,4
6cx06DFPPHchuUAcTxznu9,Head & Heart (feat. MNEK),91,166028,0,"['Joel Corry', 'MNEK']","['6DgP9otnZw5z6daOntINxp', '7uMh23xWiuR7zsNkuNcm2G']",7/3/2020,0.734,0.874,8,-3.158,1,0.0662,0.168,1.14E-05,0.0489,0.905,122.953,4
1tkg4EHVoqnhR6iFEXb60y,What You Know Bout Love,91,160000,1,['Pop Smoke'],['0eDvMgVFoNV3TpwtrVCoTj'],7/3/2020,0.709,0.548,10,-8.493,1,0.353,0.65,1.59E-06,0.133,0.543,83.995,4
2TksvaRivgAEj780DgRB73,911,91,215891,1,['Sech'],['77ziqFxp5gaInVrF2lj4ht'],2/5/2021,0.795,0.655,7,-3.815,1,0.0422,0.076,1.76E-06,0.296,0.744,93.029,4
5YaskwnGDZFDRipaqzbwQx,Your Love (9PM),91,150053,0,"['ATB', 'Topic', 'A7S']","['7jZM5w05mGhw6wTB1okhD9', '0u6GtibW46tFX7koQ6uNJZ', '5Wg2b4Mp42gicxEeDNawf7']",1/15/2021,0.669,0.784,7,-5.603,1,0.112,0.194,6.28E-06,0.115,0.517,125.993,4
3aQem4jVGdhtg116TmJnHz,Whatâ€™s Next,91,178154,1,['Drake'],['3TVXtAsR1Inumwj472S9r4'],3/5/2021,0.781,0.594,0,-6.959,0,0.0485,0.0136,0,0.162,0.0628,129.895,4
1diS6nkxMQc3wwC4G1j0bh,We're Good,91,165507,0,['Dua Lipa'],['6M2wZ9GZgrQXHCFfjv46we'],2/11/2021,0.722,0.588,6,-5.932,1,0.0544,0.0319,0,0.183,0.59,134.01,4
2QjOHCTQ1Jl3zawyYOpxh6,Sweater Weather,90,240400,0,['The Neighbourhood'],['77SW9BnxLY8rJ0RciFqkHh'],4/19/2013,0.612,0.807,10,-2.81,1,0.0336,0.0495,0.0177,0.101,0.398,124.053,4
7qEHsqek33rTcFNT9PFqLf,Someone You Loved,90,182161,0,['Lewis Capaldi'],['4GNC7GD6oZMSxPGyXy4MNB'],5/17/2019,0.501,0.405,1,-5.679,1,0.0319,0.751,0,0.105,0.446,109.891,4
463CkQjx2Zk1yXoBuierM9,Levitating (feat. DaBaby),90,203064,0,"['Dua Lipa', 'DaBaby']","['6M2wZ9GZgrQXHCFfjv46we', '4r63FhuTkUYltbVAg5TQnk']",10/1/2020,0.702,0.825,6,-3.787,0,0.0601,0.00883,0,0.0674,0.915,102.977,4
54bFM56PmE4YLRnqpW6Tha,Therefore I Am,90,174321,0,['Billie Eilish'],['6qqNVTkY8uBg9cP3Jd7DAH'],11/12/2020,0.889,0.34,11,-7.773,0,0.0697,0.218,0.13,0.055,0.716,94.009,4
4MzXwWMhyBbmu6hOcLVD49,DÃKITI,90,205090,1,"['Bad Bunny', 'Jhay Cortez']","['4q3ewBCX7sLwd24euuV69X', '0EFisYRi20PTADoJrifHrz']",11/27/2020,0.731,0.573,4,-10.059,0,0.0544,0.401,5.22E-05,0.113,0.145,109.928,4
4Oun2ylbjFKMPTiaSbbCih,WAP (feat. Megan Thee Stallion),90,187541,1,"['Cardi B', 'Megan Thee Stallion']","['4kYSro6naA4h99UJvo89HB', '181bsRPaVXVlUKXrxwZfHK']",8/7/2020,0.935,0.454,1,-7.509,1,0.375,0.0194,0,0.0824,0.357,133.073,4
1KixkQVDUHggZMU9dUobgm,My Head & My Heart,90,174760,0,['Ava Max'],['4npEfmQ6YuiwW1GpUmaq3F'],9/18/2020,0.614,0.934,9,-3.709,0,0.07,0.0697,0,0.121,0.436,116.001,4
079Ey5uxL04AKPQgVQwx5h,Baila Conmigo (with Rauw Alejandro),90,186088,0,"['Selena Gomez', 'Rauw Alejandro']","['0C8ZW7ezQVs4URX5aX7Kqx', '1mcTU81TzQhprhouKaTkpq']",3/12/2021,0.823,0.544,5,-7.132,1,0.0715,0.0215,0.00315,0.0966,0.664,149.903,4
6fRxMU4LWwyaSSowV441IU,Beautiful Mistakes (feat. Megan Thee Stallion),90,227395,0,"['Maroon 5', 'Megan Thee Stallion']","['04gDigrS5kc9YWfZHwBETP', '181bsRPaVXVlUKXrxwZfHK']",3/3/2021,0.713,0.676,10,-5.483,1,0.027,0.0377,0,0.154,0.721,99.048,4
61KpQadow081I2AsbeLcsb,deja vu,90,215508,1,['Olivia Rodrigo'],['1McMsnEElThX1knmY4oliG'],4/1/2021,0.439,0.61,9,-7.236,1,0.116,0.593,1.07E-05,0.341,0.172,181.088,4
31qCy5ZaophVA81wtlwLc4,Anyone,90,190779,0,['Justin Bieber'],['1uNFoZAHBGtllmzznpCI3s'],1/1/2021,0.686,0.538,2,-8.026,1,0.0345,0.181,3.13E-06,0.113,0.584,115.884,4
2etHQJxIbV0soyPhelVs9Y,Best Friend (feat. Doja Cat),90,155884,1,"['Saweetie', 'Doja Cat']","['6cK3NBO6uP7hh0oyuVELFl', '5cj0lLjcoR7YOSnhnX0Po5']",1/7/2021,0.84,0.766,4,-4.12,1,0.136,0.00302,3.61E-06,0.0684,0.402,94.018,4
0u2P5u6lvoDfwTYjAADbn4,lovely (with Khalid),89,200186,0,"['Billie Eilish', 'Khalid']","['6qqNVTkY8uBg9cP3Jd7DAH', '6LuN9FCkKOj5PcnpouEgny']",4/19/2018,0.351,0.296,4,-10.109,0,0.0333,0.934,0,0.095,0.12,115.284,4
21jGcNKet2qwijlDFuPiPb,Circles,89,215280,0,['Post Malone'],['246dkjvS1zLTtiykXe5h60'],9/6/2019,0.695,0.762,0,-3.497,1,0.0395,0.192,0.00244,0.0863,0.553,120.042,4
1Xi84slp6FryDSCbzq4UCD,Arcade,89,183624,0,['Duncan Laurence'],['3klZnJvYGIbWritVwQD434'],3/7/2019,0.45,0.329,9,-12.603,0,0.0441,0.818,0.00109,0.135,0.266,71.884,3
4xqrdfXkTW4T0RauPLv3WA,Heather,89,198040,0,['Conan Gray'],['4Uc8Dsxct0oMqx0P6i60ea'],3/20/2020,0.357,0.425,5,-7.301,1,0.0333,0.584,0,0.322,0.27,102.078,3
5vGLcdRuSbUhD8ScwsGSdA,Whoopty,89,123263,1,['CJ'],['7arQA31aZVS8yS6zUveWzb'],8/20/2020,0.719,0.648,3,-7.6,0,0.125,0.2,0,0.127,0.66,140.201,4
1zLBsSVxETQOfINOLYvT5m,GIRL LIKE ME,89,222523,1,"['Black Eyed Peas', 'Shakira']","['1yxSLGMDHlW21z4YXirZDS', '0EmeFodog0BfCgMzAIvKQp']",11/2/2020,0.965,0.485,2,-8.784,1,0.191,0.0206,0.0237,0.0655,0.312,124.025,4
0PvFJmanyNQMseIFrU708S,For The Night (feat. Lil Baby & DaBaby),89,190476,1,"['Pop Smoke', 'Lil Baby', 'DaBaby']","['0eDvMgVFoNV3TpwtrVCoTj', '5f7VJjfbwm532GiveGC0ZK', '4r63FhuTkUYltbVAg5TQnk']",7/3/2020,0.823,0.586,6,-6.606,0,0.2,0.114,0,0.193,0.347,125.971,4
6zFMeegAMYQo0mt8rXtrli,HOLIDAY,89,154998,1,['Lil Nas X'],['7jVv8c5Fj3E9VhNjxT4snq'],11/13/2020,0.81,0.511,5,-6.924,0,0.164,0.12,0,0.0832,0.837,151.947,4
7ndTONDDRFGiPnnhOzOXxq,La Nota,89,216107,0,"['Manuel Turizo', 'Rauw Alejandro', 'Myke Towers']","['0tmwSHipWxN12fsoLcFU3B', '1mcTU81TzQhprhouKaTkpq', '7iK8PXO48WeuP03g8YR51W']",10/8/2020,0.736,0.632,11,-4.939,0,0.0648,0.18,0,0.349,0.503,92.03,4
249gnXrbfmV8NG6jTEMSwD,Life Goes On,89,207481,0,['BTS'],['3Nrfpe0tUJi4K4DXYWgMUX'],11/20/2020,0.566,0.716,1,-5.733,1,0.0424,0.00691,0,0.37,0.45,81.068,4
5nujrmhLynf4yMoMtj8AQF,Levitating (feat. DaBaby),89,203064,0,"['Dua Lipa', 'DaBaby']","['6M2wZ9GZgrQXHCFfjv46we', '4r63FhuTkUYltbVAg5TQnk']",3/27/2020,0.702,0.825,6,-3.787,0,0.0601,0.00883,0,0.0674,0.915,102.977,4
7eJMfftS33KTjuF7lTsMCx,death bed (coffee for your head),89,173333,0,"['Powfu', 'beabadoobee']","['6bmlMHgSheBauioMgKv2tn', '35l9BRT7MXmM8bv2WDQiyB']",2/8/2020,0.726,0.431,8,-8.765,0,0.135,0.731,0,0.696,0.348,144.026,4
20McUFi8KCIVdNDLrkTDuZ,Goosebumps,89,163208,1,['HVME'],['2o08sCWF5yyo2G4DCiT7T9'],6/12/2020,0.767,0.659,1,-7.429,1,0.0444,0.325,0,0.13,0.439,124.946,4
43PGPuHIlVOc04jrZVh9L6,RAPSTAR,89,165926,1,['Polo G'],['6AgTAQt8XS6jRWi4sX7w49'],4/9/2021,0.789,0.536,6,-6.862,1,0.242,0.41,0,0.129,0.437,81.039,4
65OVbaJR5O1RmwOQx0875b,Wants and Needs (feat. Lil Baby),89,192956,1,"['Drake', 'Lil Baby']","['3TVXtAsR1Inumwj472S9r4', '5f7VJjfbwm532GiveGC0ZK']",3/5/2021,0.578,0.449,1,-6.349,1,0.286,0.0618,2.17E-06,0.119,0.1,136.006,4
2MZQAvsA7aZDssppBLRxYp,Batom de Cereja - Ao Vivo,89,140942,0,['Israel & Rodolffo'],['41QLxRXlc2NwfJZkHGHKid'],1/29/2021,0.606,0.908,6,-6.201,0,0.0565,0.556,0,0.19,0.798,171.966,4
6gBFPUFcJLzWGx4lenP6h2,goosebumps,88,243837,1,['Travis Scott'],['0Y5tJX1MQlPlqiwlOH1tJY'],9/16/2016,0.841,0.728,7,-3.37,1,0.0484,0.0847,0,0.149,0.43,130.049,4
0pqnGHJpmpxLKifKRmU6WP,Believer,88,204347,0,['Imagine Dragons'],['53XhwfbYqKCa1cC15pYq2q'],6/23/2017,0.776,0.78,10,-4.374,0,0.128,0.0622,0,0.081,0.666,124.949,4
285pBltuF7vW8TeWk8hdRR,Lucid Dreams,88,239836,1,['Juice WRLD'],['4MCBfE4596Uoi2O4DtmEMz'],12/10/2018,0.511,0.566,6,-7.23,0,0.2,0.349,0,0.34,0.218,83.903,4
45S5WTQEGOB1VHr1Q4FuPl,Golden,88,208907,0,['Harry Styles'],['6KImCVD70vtIoJWnq6nGn3'],12/13/2019,0.448,0.838,4,-5.257,0,0.0557,0.21,0.000131,0.131,0.254,139.863,4
24Yi9hE78yPEbZ4kxyoXAI,Roses - Imanbek Remix,88,176840,1,"['SAINt JHN', 'Imanbek']","['0H39MdGGX6dbnnQPt6NQkZ', '5rGrDvrLOV2VV8SCFVGWlj']",10/9/2019,0.77,0.724,8,-5.484,1,0.0495,0.0167,0.0107,0.353,0.898,121.975,4
2b8fOow8UzyDFAE27YhOZM,Memories,88,189486,0,['Maroon 5'],['04gDigrS5kc9YWfZHwBETP'],9/20/2019,0.764,0.32,11,-7.209,1,0.0546,0.837,0,0.0822,0.575,91.019,4
0nbXyq5TXYPCO7pr3N8S4I,The Box,88,196653,1,['Roddy Ricch'],['757aE44tKEUQEqRuT6GnEB'],12/6/2019,0.896,0.586,10,-6.687,0,0.0559,0.104,0,0.79,0.642,116.971,4
3H7ihDc1dqLriiWXwsc2po,Breaking Me,88,166794,0,"['Topic', 'A7S']","['0u6GtibW46tFX7koQ6uNJZ', '5Wg2b4Mp42gicxEeDNawf7']",12/19/2019,0.789,0.72,8,-5.652,0,0.218,0.223,0,0.129,0.664,122.031,4
2Fxmhks0bxGSBdJ92vM42m,bad guy,88,194088,0,['Billie Eilish'],['6qqNVTkY8uBg9cP3Jd7DAH'],3/29/2019,0.701,0.425,7,-10.965,1,0.375,0.328,0.13,0.1,0.562,135.128,4
2XU0oxnq2qxCpomAAuJY8K,Dance Monkey,88,209438,0,['Tones And I'],['2NjfBq1NflQcKSeiDooVjY'],10/17/2019,0.824,0.588,6,-6.4,0,0.0924,0.692,0.000104,0.149,0.513,98.027,4
3jjujdWJ72nww5eGnfs2E7,Adore You,88,207133,0,['Harry Styles'],['6KImCVD70vtIoJWnq6nGn3'],12/13/2019,0.676,0.771,8,-3.675,1,0.0483,0.0237,7.00E-06,0.102,0.569,99.048,4
2mM3gZ0BbPwPPMelbA8vgt,No Te Enamores - Remix,88,289933,1,"['Milly', 'Farruko', 'Nio Garcia', 'Jay Wheeler', 'Amenazzy']","['7kXCcNRLEnblbTAppPraBp', '329e4yvIujISKGKz1BZZbO', '5hdhHgpxyniooUiQVaPxQ0', '2cPqdH7XMvwaBJEVjheH8g', '6kq4GHwUcUojGIu0ziSNXf']",11/20/2020,0.824,0.837,5,-4.603,1,0.107,0.573,1.66E-05,0.271,0.58,100.021,4
5RubKOuDoPn5Kj5TLVxSxY,TE MUDASTE,88,130014,1,['Bad Bunny'],['4q3ewBCX7sLwd24euuV69X'],11/27/2020,0.811,0.637,10,-4.835,0,0.0591,0.234,0.000572,0.118,0.471,92.025,4
2SAqBLGA283SUiwJ3xOUVI,Laugh Now Cry Later (feat. Lil Durk),88,261493,1,"['Drake', 'Lil Durk']","['3TVXtAsR1Inumwj472S9r4', '3hcs9uc56yIGFCSy9leWe7']",8/14/2020,0.761,0.518,0,-8.871,1,0.134,0.244,3.47E-05,0.107,0.522,133.976,4
35UUpTmrcFXNIVIN26ujXl,RelaciÃ³n - Remix,88,247308,0,"['Sech', 'Daddy Yankee', 'J Balvin', 'ROSALÃA', 'Farruko']","['77ziqFxp5gaInVrF2lj4ht', '4VMYDCV2IEDYJArk749S6m', '1vyhD5VmyZ7KMfW5gqLgo5', '7ltDVBr6mKbRvohxheJ9h1', '329e4yvIujISKGKz1BZZbO']",9/4/2020,0.793,0.771,5,-3.417,1,0.0959,0.0337,1.51E-06,0.284,0.835,171.943,4
0E4Y1XIbs8GrAT1YqVy6dq,Afterglow,88,185487,0,['Ed Sheeran'],['6eUKZXaKkcviH0Ku9w2n3V'],12/21/2020,0.641,0.324,11,-5.851,1,0.0299,0.698,0,0.328,0.273,110.184,4
1VLtjHwRWOVJiE5Py7JxoQ,Martin & Gina,88,132833,1,['Polo G'],['6AgTAQt8XS6jRWi4sX7w49'],5/15/2020,0.832,0.534,1,-7.813,0,0.253,0.345,0,0.165,0.116,93.924,4
3UHPGOkUcE4hE7sqBF4Snt,Film out,88,214621,0,['BTS'],['3Nrfpe0tUJi4K4DXYWgMUX'],4/1/2021,0.499,0.709,10,-6.404,1,0.134,0.296,0,0.331,0.314,164.032,4
1nahzW3kfMuwReTka28tH5,Hold On,88,170813,0,['Justin Bieber'],['1uNFoZAHBGtllmzznpCI3s'],3/19/2021,0.658,0.634,1,-6.068,0,0.0431,0.0104,0,0.12,0.302,140.002,4
2Lhdl74nwwVGOE2Gv35QuK,Cupid's Chokehold / Breakfast in America,87,243773,0,['Gym Class Heroes'],['4IJczjB0fJ04gs4uvP0Fli'],2/22/2005,0.72,0.744,1,-6.938,0,0.12,0.237,0,0.255,0.619,78.953,4
3U4isOIWM3VvDubwSI3y7a,All of Me,87,269560,0,['John Legend'],['5y2Xq6xcjJb2jVM54GHK3t'],8/30/2013,0.422,0.264,8,-7.064,1,0.0322,0.922,0,0.132,0.331,119.93,4
5FVd6KXrgO9B3JPmC8OPst,Do I Wanna Know?,87,272394,0,['Arctic Monkeys'],['7Ln80lUS6He07XvHI8qqHH'],9/9/2013,0.548,0.532,5,-7.596,1,0.0323,0.186,0.000263,0.217,0.405,85.03,4
7fBv7CLKzipRk6EC6TWHOB,The Hills,87,242253,1,['The Weeknd'],['1Xyo4u8uXC1ZmMpatF05PJ'],8/28/2015,0.585,0.564,0,-7.063,0,0.0515,0.0671,0,0.135,0.137,113.003,4
5E30LdtzQTGqRvNd7l6kG5,Daddy Issues,87,260173,0,['The Neighbourhood'],['77SW9BnxLY8rJ0RciFqkHh'],10/30/2015,0.588,0.521,10,-9.461,1,0.0329,0.0678,0.149,0.123,0.337,85.012,4
55Am8neGJkdj2ADaM3aw5H,Train Wreck,87,208827,0,['James Arthur'],['4IWBUUAFIplrNtaOHcJPRM'],10/28/2016,0.311,0.485,6,-5.726,0,0.0365,0.701,0,0.0726,0.225,77.355,4
5uCax9HTNlzGybIStD3vDh,Say You Won't Let Go,87,211467,0,['James Arthur'],['4IWBUUAFIplrNtaOHcJPRM'],10/28/2016,0.358,0.557,10,-7.398,1,0.059,0.695,0,0.0902,0.494,85.043,4
7m9OqQk4RVRkw9JJdeAw96,Jocelyn Flores,87,119133,1,['XXXTENTACION'],['15UsOTVnJzReFVN1VCnxy4'],8/25/2017,0.872,0.391,0,-9.144,0,0.242,0.469,4.13E-06,0.297,0.437,134.021,4
0tgVpDi06FyKpA1z0VMD4v,Perfect,87,263400,0,['Ed Sheeran'],['6eUKZXaKkcviH0Ku9w2n3V'],3/3/2017,0.599,0.448,8,-6.312,1,0.0232,0.163,0,0.106,0.168,95.05,3
7qiZfU4dY1lWllzX7mPBI3,Shape of You,87,233713,0,['Ed Sheeran'],['6eUKZXaKkcviH0Ku9w2n3V'],3/3/2017,0.825,0.652,1,-3.183,0,0.0802,0.581,0,0.0931,0.931,95.977,4
4VXIryQMWpIdGgYR4TrjT1,All Girls Are The Same,87,165820,1,['Juice WRLD'],['4MCBfE4596Uoi2O4DtmEMz'],12/10/2018,0.671,0.529,0,-7.226,1,0.307,0.0769,0.000335,0.0856,0.203,161.989,4
3ee8Jmje8o58CHK66QrVC2,SAD!,87,166606,1,['XXXTENTACION'],['15UsOTVnJzReFVN1VCnxy4'],3/16/2018,0.74,0.613,8,-4.88,1,0.145,0.258,0.00372,0.123,0.473,75.023,4
2xLMifQCjDGFmkHkpNLD9h,SICKO MODE,87,312820,1,['Travis Scott'],['0Y5tJX1MQlPlqiwlOH1tJY'],8/3/2018,0.834,0.73,8,-3.714,1,0.222,0.00513,0,0.124,0.446,155.008,4
3eekarcy7kvN4yt5ZFzltW,HIGHEST IN THE ROOM,87,175721,1,['Travis Scott'],['0Y5tJX1MQlPlqiwlOH1tJY'],10/4/2019,0.598,0.427,7,-8.764,0,0.0317,0.0546,5.83E-06,0.21,0.0605,76.469,4
1ZMiCix7XSAbfAJlEZWMCp,Falling,87,240133,0,['Harry Styles'],['6KImCVD70vtIoJWnq6nGn3'],12/13/2019,0.567,0.267,4,-6.502,1,0.0299,0.839,1.46E-06,0.089,0.0592,110.011,4
6Hj9jySrnFppAI0sEMCZpJ,Robbery,87,240051,1,['Juice WRLD'],['4MCBfE4596Uoi2O4DtmEMz'],3/8/2019,0.685,0.692,2,-5.122,1,0.0457,0.328,0,0.153,0.578,159.966,5
2tnVG71enUj33Ic2nFN6kZ,Ride It,87,157606,0,['Regard'],['4ofCBoyEiGSePFAG500xev'],7/26/2019,0.88,0.751,7,-4.258,0,0.0874,0.177,6.43E-05,0.106,0.884,117.948,4
6ocbgoVGwYJhOv1GgI9NsF,7 rings,87,178627,1,['Ariana Grande'],['66CXWjxzNUsdJxJ2JdwvnR'],2/8/2019,0.778,0.317,1,-10.732,0,0.334,0.592,0,0.0881,0.327,140.048,4
3ZCTVFBt2Brf31RLEnCkWJ,everything i wanted,87,245426,0,['Billie Eilish'],['6qqNVTkY8uBg9cP3Jd7DAH'],11/13/2019,0.704,0.225,6,-14.454,0,0.0994,0.902,0.657,0.106,0.243,120.006,4
5u1n1kITHCxxp8twBcZxWy,Holy (feat. Chance The Rapper),87,212093,0,"['Justin Bieber', 'Chance the Rapper']","['1uNFoZAHBGtllmzznpCI3s', '1anyVhU62p31KFi8MEzkbf']",9/18/2020,0.673,0.704,6,-8.056,1,0.36,0.196,0,0.0898,0.372,86.919,4
0EhpEsp4L0oRGM0vmeaN5e,UN DIA (ONE DAY) (Feat. Tainy),87,232253,0,"['J Balvin', 'Tainy', 'Dua Lipa', 'Bad Bunny']","['1vyhD5VmyZ7KMfW5gqLgo5', '0GM7qgcRCORpGnfcN2tCiB', '6M2wZ9GZgrQXHCFfjv46we', '4q3ewBCX7sLwd24euuV69X']",7/24/2020,0.571,0.693,6,-8.234,0,0.0545,0.00536,0,0.173,0.393,168.169,4
21N4Buj4xsyLb218lYle61,Chica Ideal,87,183240,0,"['Sebastian Yatra', 'Guaynaa']","['07YUOmWljBTXwIseAUd9TW', '0BqURncJM5B1BBu7UM51eq']",10/16/2020,0.574,0.891,0,-3.665,0,0.157,0.0847,0,0.16,0.707,100.978,4
2ePtv8MlBO9nuuXABqAfEX,SugarCrash!,87,80081,1,['ElyOtto'],['4b19vuzlDcNdU4quI7L6sW'],8/25/2020,0.748,0.734,0,-6.499,1,0.124,0.524,1.15E-05,0.0975,0.368,97.753,4
02kDW379Yfd5PzW5A6vuGt,Lemonade,87,195429,1,"['Internet Money', 'Gunna', 'Don Toliver', 'NAV']","['6MPCFvOQv5cIGfw3jODMF0', '2hlmm7s2ICUX0LVIhVFlZQ', '4Gso3d4CscCijv0lmajZWs', '7rkW85dBwwrJtlHRDkJDAC']",8/14/2020,0.799,0.66,1,-6.153,0,0.079,0.256,0,0.111,0.471,140.04,4
2U5WueTLIK5WJLD7mvDODv,Wishing Well,87,194621,1,['Juice WRLD'],['4MCBfE4596Uoi2O4DtmEMz'],7/10/2020,0.65,0.613,9,-6.13,0,0.128,0.00336,0,0.267,0.0804,149.972,4
2bgcUk2A3jjKbCJ7KPquTi,Mi NiÃ±a,87,213314,0,"['Wisin', 'Myke Towers', 'Los Legendarios']","['3E6xrwgnVfYCrCs0ePERDz', '7iK8PXO48WeuP03g8YR51W', '0n6sKrG0xKAf8xmdqeNGke']",9/23/2020,0.823,0.821,8,-3.402,0,0.166,0.31,4.28E-06,0.143,0.791,99.999,4
4y4spB9m0Q6026KfkAvy9Q,Lonely (with benny blanco),87,149297,1,"['Justin Bieber', 'benny blanco']","['1uNFoZAHBGtllmzznpCI3s', '5CiGnKThu5ctn9pBxv7DGa']",10/16/2020,0.631,0.239,11,-7.071,0,0.0398,0.864,0,0.116,0.0927,79.859,4
1xQ6trAsedVPCdbtDAmk0c,Savage Love (Laxed - Siren Beat),87,171375,1,"['Jawsh 685', 'Jason Derulo']","['56mfhUDKa1vec6rSLZV5Eg', '07YZf4WDAMNwqr4jfgOZ8y']",6/11/2020,0.767,0.481,0,-8.52,0,0.0803,0.234,0,0.269,0.761,150.076,4
7r9ZhitdQBONTFOiJW5mr8,Reloj,87,231595,1,"['Rauw Alejandro', 'Anuel AA']","['1mcTU81TzQhprhouKaTkpq', '2R21vXR83lH98kGeO99Y66']",10/22/2020,0.823,0.537,8,-2.639,1,0.209,0.176,3.98E-06,0.123,0.615,175.946,4
2r6OAV3WsYtXuXjvJ1lIDi,Hello (feat. A Boogie Wit da Hoodie),87,190534,1,"['Pop Smoke', 'A Boogie Wit da Hoodie']","['0eDvMgVFoNV3TpwtrVCoTj', '31W5EY0aAly4Qieq6OFu6I']",7/20/2020,0.905,0.647,10,-5.065,0,0.107,0.0187,0,0.282,0.367,130.97,4
1ere9b9vDw2N3m9d4uiXxa,Facas - Ao Vivo,87,196380,0,"['Diego & Victor Hugo', 'Bruno & Marrone']","['3k68C6mNMJL6OaAdWeW2ZF', '5JXhkyafynxCvxtov7C1PV']",10/15/2020,0.443,0.509,2,-5.995,1,0.0536,0.615,0,0.472,0.69,160.984,4
6AGOKlMZWLCaEJGnaROtF9,Put Your Records On,87,210463,0,['Ritt Momney'],['7MPGCB854Qo4alYMOPkBka'],4/24/2020,0.399,0.491,6,-10.778,0,0.0538,0.0563,0.00089,0.11,0.151,91.066,4
59qrUpoplZxbIZxk6X0Bm3,Take You Dancing,87,190306,0,['Jason Derulo'],['07YZf4WDAMNwqr4jfgOZ8y'],7/22/2020,0.789,0.711,2,-4.248,1,0.041,0.0332,0,0.0876,0.753,112.985,4
5JqZ3oqF00jkT81foAFvqg,Prisoner (feat. Dua Lipa),87,169333,0,"['Miley Cyrus', 'Dua Lipa']","['5YGY8feqx7naU7z4HrwZM6', '6M2wZ9GZgrQXHCFfjv46we']",11/20/2020,0.781,0.67,3,-3.912,0,0.0452,0.0103,0,0.0761,0.595,127.99,4
5y7DaS3jAc9eZzcSOoUIwU,Una Locura,87,230693,0,"['Ozuna', 'J Balvin', 'Chencho Corleone']","['1i8SpTcr7yvPOmcqrbnVXY', '1vyhD5VmyZ7KMfW5gqLgo5', '37230BxxYs9ksS7OkZw3IU']",9/4/2020,0.714,0.761,5,-4.596,0,0.0427,0.139,0.00035,0.241,0.906,168.022,4
0siYMEsGrzzzlWLXK5zJfS,BED,87,178088,0,"['Joel Corry', 'RAYE', 'David Guetta']","['6DgP9otnZw5z6daOntINxp', '5KKpBU5eC2tJDzf0wmlRp2', '1Cs0zKBU1kc0i8ypK3B9ai']",2/26/2021,0.671,0.782,6,-4.593,1,0.0341,0.0142,0.00221,0.333,0.618,123.989,4
58pgi1RpcU2fVJsxhm7BIr,TapÃ£o Na Raba,87,175047,0,['RaÃ­ Saia Rodada'],['0NiaKn55OzJswiYevvlKfz'],1/22/2021,0.808,0.796,1,-3.169,1,0.0305,0.462,0.000269,0.155,0.799,128.048,4
7FdUvDkaE24o3FPIWTvzv2,Follow You,87,175644,0,['Imagine Dragons'],['53XhwfbYqKCa1cC15pYq2q'],3/12/2021,0.542,0.732,9,-5.956,1,0.0521,0.00209,7.92E-05,0.496,0.489,124.912,4
0ofHAoxe9vBkTCp2UQIavz,Dreams - 2004 Remaster,86,257800,0,['Fleetwood Mac'],['08GQAI4eElDnROBrJRGE0X'],2/4/1977,0.828,0.492,0,-9.744,1,0.0276,0.0644,0.00428,0.128,0.789,120.151,4
2WfaOiMkCvy7F5fcp2zZ8L,Take on Me,86,225280,0,['a-ha'],['2jzc5TC5TVFLXQlBNiIUzE'],6/1/1985,0.573,0.902,6,-7.638,0,0.054,0.018,0.00125,0.0928,0.876,84.412,4
3AJwUDP919kvQ9QcozQPxg,Yellow,86,266773,0,['Coldplay'],['4gzpq5DPGxSnKTe4SA8HAU'],7/10/2000,0.429,0.661,11,-7.227,1,0.0281,0.00239,0.000121,0.234,0.285,173.372,4
2kS6td1yvmpNgZTt1q5pQq,Hayloft,86,181680,0,['Mother Mother'],['0e86yPdC41PGRkLp2Q1Bph'],9/23/2008,0.527,0.922,9,-2.666,0,0.0728,0.00475,0.000162,0.422,0.49,95.975,4
086myS9r57YsLbJpU0TgK9,Why'd You Only Call Me When You're High?,86,161124,0,['Arctic Monkeys'],['7Ln80lUS6He07XvHI8qqHH'],9/9/2013,0.691,0.631,2,-6.478,1,0.0368,0.0483,1.13E-05,0.104,0.8,92.004,4
0ct6r3EGTcMLPtrXHDvVjc,The Nights,86,176658,0,['Avicii'],['1vCWHaC5f2uS3yhpwWbIA6'],1/1/2014,0.527,0.835,6,-5.298,1,0.0433,0.0166,0,0.249,0.654,125.983,4
6K4t31amVTZDgR3sKmwUJJ,The Less I Know The Better,86,216320,1,['Tame Impala'],['5INjqkS1o8h1imAzPqGZBb'],7/17/2015,0.64,0.74,4,-4.083,1,0.0284,0.0115,0.00678,0.167,0.785,116.879,4
3CRDbSIZ4r5MsZ0YwxuEkn,Stressed Out,86,202333,0,['Twenty One Pilots'],['3YQKmKGau1PzlVlkL1iodx'],5/15/2015,0.734,0.637,4,-5.677,0,0.141,0.0462,2.29E-05,0.0602,0.648,169.977,4
2GiJYvgVaD2HtM8GqD9EgQ,Electric Love,86,218107,0,['BÃ˜RNS'],['1KP6TWI40m7p3QBTU6u2xo'],10/16/2015,0.611,0.797,6,-7.627,0,0.0533,0.00543,0.00137,0.26,0.518,120.041,4
7BKLCZ1jbUBVqRi2FVlTVw,Closer,86,244960,0,"['The Chainsmokers', 'Halsey']","['69GGBxA162lTqCwzJG5jLp', '26VFTg2z8YR0cCuwLzESi2']",7/29/2016,0.748,0.524,8,-5.599,1,0.0338,0.414,0,0.111,0.661,95.01,4
7MXVkk9YMctZqd1Srtv4MB,Starboy,86,230453,1,"['The Weeknd', 'Daft Punk']","['1Xyo4u8uXC1ZmMpatF05PJ', '4tZwfgrHOc3mvqYlEYSvVi']",11/25/2016,0.679,0.587,7,-7.015,1,0.276,0.141,6.35E-06,0.137,0.486,186.003,4
7MiZjKawmXTsTNePyTfPyL,Devil Eyes,86,131272,0,['Hippie Sabotage'],['4dM6NDYSfLcspt8GLoT5aE'],2/5/2016,0.391,0.396,1,-8.621,0,0.189,0.702,0.405,0.315,0.199,99.112,5
2bRKxuH1o7pTmb1y4GfdEc,Clean White Noise - Loopable with no fade,86,90228,0,"['Erik Eriksson', 'White Noise Baby Sleep', 'White Noise for Babies']","['2c5WYCqQGs0UttiLCzVfOe', '4W12lEvVl5wectUtRNrvDh', '4ZfEELHfyKd4odAb6YfDFw']",1/8/2017,0,0.00342,8,-28.46,1,0,0.791,1,0.111,0,0,0
2ZRo7axmMPeSVUvDbGkJah,Hope,86,110886,1,['XXXTENTACION'],['15UsOTVnJzReFVN1VCnxy4'],3/16/2018,0.592,0.457,9,-6.081,0,0.0603,0.661,0.000331,0.146,0.225,146.04,4
7uoFMmxln0GPXQ0AcCBXRq,Snowman,86,165907,0,['Sia'],['5WUlDfRSoLAfcVSX1WnrxN'],11/1/2018,0.716,0.512,1,-6.257,1,0.0331,0.483,0,0.0928,0.326,104.957,3
2VxeLyX666F8uXCJ0dZF8B,Shallow,86,215733,0,"['Lady Gaga', 'Bradley Cooper']","['1HY2Jd0NmPuamShAr6KMms', '4VIvfOurcf0vuLRxLkGnIG']",10/5/2018,0.572,0.385,7,-6.362,1,0.0308,0.371,0,0.231,0.323,95.799,4
0e7ipj03S05BNilyu5bRzt,rockstar (feat. 21 Savage),86,218147,1,"['Post Malone', '21 Savage']","['246dkjvS1zLTtiykXe5h60', '1URnnhqYAYcrqrcwql10ft']",4/27/2018,0.585,0.52,5,-6.136,0,0.0712,0.124,7.01E-05,0.131,0.129,159.801,4
2kJwzbxV2ppxnQoYw4GLBZ,If the World Was Ending - feat. Julia Michaels,86,208687,0,"['JP Saxe', 'Julia Michaels']","['66W9LaWS0DPdL7Sz8iYGYe', '0ZED1XzwlLHW4ZaG4lOT6m']",10/17/2019,0.464,0.473,1,-10.086,1,0.129,0.866,0,0.109,0.604,75.801,4
43zdsphuZLzwA9k4DJhU0I,when the party's over,86,196077,0,['Billie Eilish'],['6qqNVTkY8uBg9cP3Jd7DAH'],3/29/2019,0.367,0.111,4,-14.084,1,0.0972,0.978,3.97E-05,0.0897,0.198,82.642,4
79s5XnCN4TJKTVMSmOx8Ep,Dior,86,216387,1,['Pop Smoke'],['0eDvMgVFoNV3TpwtrVCoTj'],7/26/2019,0.548,0.805,7,-5.732,1,0.351,0.212,0.000389,0.408,0.648,142.094,4
30bqVoKjX479ab90a8Pafp,Star Shopping,86,142000,1,['Lil Peep'],['2kCcBybjl3SAtIcwdWpUe3'],4/19/2019,0.585,0.471,4,-9.934,0,0.0616,0.0967,0.0184,0.115,0.323,93.099,4
6WrI0LAC5M1Rw2MnX2ZvEg,Don't Start Now,86,183290,0,['Dua Lipa'],['6M2wZ9GZgrQXHCFfjv46we'],10/31/2019,0.794,0.793,11,-4.521,0,0.0842,0.0125,0,0.0952,0.677,123.941,4
696DnlkuDOXcMAnKlTgXXK,ROXANNE,86,163636,1,['Arizona Zervas'],['0vRvGUQVUjytro0xpb26bs'],10/10/2019,0.621,0.601,6,-5.616,0,0.148,0.0522,0,0.46,0.457,116.735,5
2gMXnyrvIjhVBUZwvLZDMP,Before You Go,86,215107,0,['Lewis Capaldi'],['4GNC7GD6oZMSxPGyXy4MNB'],11/22/2019,0.459,0.575,3,-4.858,1,0.0573,0.604,0,0.0885,0.183,111.881,4
4HBZA5flZLE435QTztThqH,Stuck with U (with Justin Bieber),86,228482,0,"['Ariana Grande', 'Justin Bieber']","['66CXWjxzNUsdJxJ2JdwvnR', '1uNFoZAHBGtllmzznpCI3s']",5/8/2020,0.597,0.45,8,-6.658,1,0.0418,0.223,0,0.382,0.537,178.765,3
6EDO9iiTtwNv6waLwa1UUq,POPSTAR (feat. Drake),86,200221,1,"['DJ Khaled', 'Drake']","['0QHgL1lAIqAw0HtD7YldmP', '3TVXtAsR1Inumwj472S9r4']",7/17/2020,0.8,0.56,5,-4.818,0,0.261,0.057,0,0.134,0.45,163.071,4
7kDUspsoYfLkWnZR7qwHZl,my ex's best friend (with blackbear),86,139461,1,"['Machine Gun Kelly', 'blackbear']","['6TIYQ3jFPwQSRmorSezPxX', '2cFrymmkijnjDg9SS92EPM']",9/25/2020,0.731,0.675,5,-5.134,0,0.0434,0.00473,0,0.141,0.298,124.939,4
15OjBeqNX3bShsGYQbteRv,La TÃ³xica,86,180520,0,['Farruko'],['329e4yvIujISKGKz1BZZbO'],7/24/2020,0.659,0.701,9,-4.107,1,0.164,0.0882,0,0.0866,0.623,91.97,4
0ri0Han4IRJhzvERHOZTMr,At My Worst,86,170345,0,['Pink Sweat$'],['1W7FNibLa0O0b572tB2w7t'],7/17/2020,0.813,0.415,0,-5.926,1,0.0349,0.777,0,0.131,0.667,91.921,4
7szuecWAPwGoV1e5vGu8tl,In Your Eyes,86,237520,1,['The Weeknd'],['1Xyo4u8uXC1ZmMpatF05PJ'],3/20/2020,0.667,0.719,7,-5.371,0,0.0346,0.00285,8.10E-05,0.0736,0.717,100.021,4
27X3qzgB0Show6qfw5wNOK,Esquema Preferido,86,189463,0,"['DJ Ivis', 'TarcÃ­sio do Acordeon']","['0RPzmE1iY76tx1eBBXFyYn', '48HORs6F9P7IgdyKrk4MZC']",11/26/2020,0.669,0.812,5,-4.597,1,0.11,0.256,0,0.0773,0.917,159.934,4
7FIWs0pqAYbP91WWM0vlTQ,Godzilla (feat. Juice WRLD),86,210800,1,"['Eminem', 'Juice WRLD']","['7dGJo4pcD2V6oG8kP0tJRR', '4MCBfE4596Uoi2O4DtmEMz']",1/17/2020,0.808,0.745,10,-5.26,0,0.342,0.145,0,0.292,0.829,165.995,4
4Lt6GXGzYsa1tgkv3nGSTm,Love Not War (The Tampa Beat),86,192921,0,"['Jason Derulo', 'Nuka']","['07YZf4WDAMNwqr4jfgOZ8y', '1XynjLPAyPi8SZAx8LHN0Z']",11/20/2020,0.738,0.85,8,-3.049,1,0.0642,0.105,0,0.23,0.865,98.013,4
68mrW6gXHgupgSiDHgaDi5,Polvo,86,211130,0,"['Nicky Jam', 'Myke Towers']","['1SupJlEpv7RS2tPNRaHViT', '7iK8PXO48WeuP03g8YR51W']",11/20/2020,0.763,0.621,11,-6.169,0,0.066,0.0105,2.94E-06,0.106,0.582,82.042,4
2mt1IqcFyY1zmYZT8Q3xw9,hot girl bummer,86,188344,1,['blackbear'],['2cFrymmkijnjDg9SS92EPM'],8/21/2020,0.782,0.559,6,-7.106,0,0.0767,0.125,0,0.385,0.685,129.992,1
2nZj5YymF54qhAu7RneVP6,CoraÃ§Ã£o Na Cama,86,173227,0,['Hugo & Guilherme'],['1LIuN7ov1IBQDdLsU83ojl'],11/13/2020,0.764,0.794,8,-4.096,1,0.0589,0.663,0,0.34,0.721,110.013,4
4HYDUMY0xSpeBr0AMY9cUz,La Curiosidad,86,219048,0,"['Jay Wheeler', 'DJ Nelson', 'Myke Towers']","['2cPqdH7XMvwaBJEVjheH8g', '2ydZrTy8U3kOMOzx20s3dg', '7iK8PXO48WeuP03g8YR51W']",6/12/2020,0.845,0.677,11,-4.798,0,0.136,0.269,0.000917,0.108,0.68,90.013,4
2Y0wPrPQBrGhoLn14xRYCG,Come & Go (with Marshmello),86,205485,1,"['Juice WRLD', 'Marshmello']","['4MCBfE4596Uoi2O4DtmEMz', '64KEffDW9EtZ1y2vBYgq8T']",7/10/2020,0.625,0.814,0,-5.181,1,0.0657,0.0172,0,0.158,0.535,144.991,4
7hxHWCCAIIxFLCzvDgnQHX,"Lemonade (feat. Gunna, Don Toliver & NAV)",86,195429,1,"['Internet Money', 'Gunna', 'Don Toliver', 'NAV']","['6MPCFvOQv5cIGfw3jODMF0', '2hlmm7s2ICUX0LVIhVFlZQ', '4Gso3d4CscCijv0lmajZWs', '7rkW85dBwwrJtlHRDkJDAC']",8/28/2020,0.8,0.658,1,-6.142,0,0.079,0.25,0,0.111,0.462,140.042,4
4RJz8NfIe09gpKMiRUWKhJ,Parce (feat. Justin Quiles),86,248345,0,"['Maluma', 'Lenny TavÃ¡rez', 'Justin Quiles']","['1r4hJ1h58CWwUQe3MxPuau', '1pQWsZQehhS4wavwh7Fnxd', '14zUHaJZo1mnYtn6IBRaRP']",8/21/2020,0.691,0.739,5,-3.09,0,0.229,0.422,3.95E-06,0.11,0.884,83.897,4
4C6BlqqMwjFzOXzqpTeoWR,Ponte Pa' Mi,86,202373,0,['Justin Quiles'],['14zUHaJZo1mnYtn6IBRaRP'],11/20/2020,0.878,0.713,5,-4.566,0,0.0948,0.0581,0,0.0822,0.615,92.028,4
6KfoDhO4XUWSbnyKjNp9c4,Maniac,86,185773,0,['Conan Gray'],['4Uc8Dsxct0oMqx0P6i60ea'],3/20/2020,0.628,0.639,8,-5.46,1,0.0435,0.00162,0,0.354,0.493,108.045,4
5rZlwNFl01HqLWBQGryKSm,Mood Swings (feat. Lil Tjay),86,213333,1,"['Pop Smoke', 'Lil Tjay']","['0eDvMgVFoNV3TpwtrVCoTj', '6jGMq4yGs7aQzuGsMgVgZR']",7/3/2020,0.48,0.602,10,-6.335,0,0.368,0.487,0,0.0848,0.269,179.798,4
5Km4r87BoX2qqtoprYS1gh,LOCATION,86,265240,1,"['KAROL G', 'Anuel AA', 'J Balvin']","['790FomKkXshlbRYZFtlgla', '2R21vXR83lH98kGeO99Y66', '1vyhD5VmyZ7KMfW5gqLgo5']",2/12/2021,0.772,0.758,9,-3.891,1,0.0482,0.0433,0,0.295,0.654,115.977,4
0VWLId2RwPCno9s1cJm2Vy,Travesuras - Remix,86,324426,1,"['Nio Garcia', 'Casper Magico', 'Ozuna', 'Wisin & Yandel', 'Myke Towers', 'Flow La Movie']","['5hdhHgpxyniooUiQVaPxQ0', '1fux65HMCBvfJHqlBc4Nno', '1i8SpTcr7yvPOmcqrbnVXY', '1wZtkThiXbVNtj6hee6dz9', '7iK8PXO48WeuP03g8YR51W', '2oT7xd9iTO2ejLsNGIMa5f']",3/11/2021,0.739,0.788,1,-5.198,1,0.0731,0.0513,0,0.282,0.473,175.996,4
6Tio0ZoDeSQnI7EBAqWer2,Cover Me In Sunshine,86,141050,0,"['P!nk', 'Willow Sage Hart']","['1KCSPY1glIKqW2TotWuXOR', '0gAILSEru1PKMwP0tAqNLS']",2/12/2021,0.476,0.594,5,-6.879,1,0.135,0.0599,0,0.0785,0.314,159.702,4
2pPO9YecZimmuVQfIzfV6U,Wasted Love (feat. Lagique),86,139563,0,"['Ofenbach', 'Lagique']","['4AKwRarlmsUlLjIwt38NLw', '1PbtWtrN7jZpd4toqxrjm2']",1/8/2021,0.734,0.855,6,-4.578,0,0.135,0.0821,4.73E-06,0.0901,0.54,121.955,4
4FRW5Nza1Ym91BGV4nFWXI,Lemon Pepper Freestyle (feat. Rick Ross),86,383037,1,"['Drake', 'Rick Ross']","['3TVXtAsR1Inumwj472S9r4', '1sBkRIssrMs1AbVkOJbc7a']",3/5/2021,0.77,0.637,1,-5.53,1,0.345,0.103,0,0.171,0.431,94.966,4
1mauYRwbpoGQX6itP2FAJC,Fan de Tus Fotos,86,197647,0,"['Nicky Jam', 'Romeo Santos']","['1SupJlEpv7RS2tPNRaHViT', '5lwmRuXgjX8xIwlnauTZIP']",2/8/2021,0.728,0.689,7,-5.718,1,0.0725,0.293,1.26E-05,0.109,0.431,170.089,4
7I8L3vYCLThw2FDrE6LuzE,AdemÃ¡s de MÃ­ - Remix,86,330040,1,"['Rusherking', 'KHEA', 'Duki', 'Maria Becerra', 'Lit Killah', 'Tiago PZK']","['3Apb2lGmGJaBmr0TTBJvIZ', '4m6ubhNsdwF4psNf3R8kwR', '1bAftSH8umNcGZ0uyV7LMg', '1DxLCyH42yaHKGK3cl5bvG', '1vqR17Iv8VFdzure1TAXEq', '5Y3MV9DZ0d87NnVm56qSY1']",3/4/2021,0.397,0.613,6,-5.077,1,0.0549,0.0396,0,0.192,0.405,78.4,4
2dl5K2ScW7jYhAhuem06cm,PROBLEMA,86,184507,1,['Daddy Yankee'],['4VMYDCV2IEDYJArk749S6m'],2/26/2021,0.773,0.8,10,-3.17,0,0.0987,0.0613,0.00403,0.0327,0.842,89.988,4
5SFXOMJJ334Wn2PwBHeRZN,Girls Like Us,86,189000,0,['Zoe Wees'],['03d2mJXSMtuPI0nIvLnhoS'],1/12/2021,0.444,0.648,1,-4.955,1,0.0476,0.288,0,0.059,0.171,125.706,5
2xgACMNtJ5YktyvOC83SPO,On The Ground,86,168086,0,['ROSÃ‰'],['3eVa5w3URK5duf6eyVDbu9'],3/12/2021,0.311,0.607,1,-6.578,1,0.11,0.0174,0,0.131,0.286,188.7,4
08mG3Y1vljYA6bvDt4Wqkj,Back In Black,85,255493,0,['AC/DC'],['711MCceyCBcFnzjGY4Q7Un'],7/25/1980,0.31,0.7,9,-5.678,1,0.047,0.011,0.00965,0.0828,0.763,188.386,4
5ChkMS8OtdzJeqyybCc9R5,Billie Jean,85,293827,0,['Michael Jackson'],['3fMbdgg4jU18AjLCKBhRSm'],11/30/1982,0.92,0.654,11,-3.051,0,0.0401,0.0236,0.0158,0.0359,0.847,117.046,4
1JSTJqkT5qHq8MDJnJbRE1,Every Breath You Take,85,253920,0,['The Police'],['5NGO30tJxFlKixkPSgXcFE'],6/17/1983,0.82,0.452,1,-9.796,1,0.0348,0.543,0.00294,0.0714,0.74,117.401,4
4xkOaSrkexMciUUogZKVTS,'Till I Collapse,85,297787,1,"['Eminem', 'Nate Dogg']","['7dGJo4pcD2V6oG8kP0tJRR', '1Oa0bMld0A3u5OTYfMzp5h']",5/26/2002,0.548,0.847,1,-3.237,1,0.186,0.0622,0,0.0816,0.1,171.447,4
7lQ8MOhq6IN2w8EYcFNSUk,Without Me,85,290320,1,['Eminem'],['7dGJo4pcD2V6oG8kP0tJRR'],5/26/2002,0.908,0.669,7,-2.827,1,0.0738,0.00286,0,0.237,0.662,112.238,4
7w87IxuO7BDcJ3YUqCyMTT,Pumped Up Kicks,85,239600,0,['Foster The People'],['7gP3bB2nilZXLfPHJhMdvc'],5/23/2011,0.733,0.71,5,-5.849,0,0.0292,0.145,0.115,0.0956,0.965,127.975,4
0nJW01T7XtvILxQgC5J7Wh,When I Was Your Man,85,213827,0,['Bruno Mars'],['0du5cEVh5yTK9QJze8zA0C'],12/7/2012,0.612,0.28,0,-8.648,1,0.0434,0.932,0,0.088,0.387,72.795,4
3bidbhpOYeV4knp8AIu8Xn,Can't Hold Us - feat. Ray Dalton,85,258343,0,['Macklemore & Ryan Lewis'],['5BcAKTbp20cv7tC5VqPFoC'],10/9/2012,0.641,0.922,2,-4.457,1,0.0786,0.0291,0,0.0862,0.847,146.078,4
3w3y8KPTfNeOKPiqUTakBh,Locked out of Heaven,85,233478,0,['Bruno Mars'],['0du5cEVh5yTK9QJze8zA0C'],12/7/2012,0.726,0.698,5,-4.165,1,0.0431,0.049,0,0.309,0.867,143.994,4
0nrRP2bk19rLc0orkWPQk2,Wake Me Up,85,247427,0,['Avicii'],['1vCWHaC5f2uS3yhpwWbIA6'],1/1/2013,0.532,0.783,2,-5.697,1,0.0523,0.0038,0.0012,0.161,0.643,124.08,4
62vpWI1CHwFy7tMIcSStl8,No Role Modelz,85,292987,1,['J. Cole'],['6l3HvQ5sa6mXTsMTB19rO5'],12/9/2014,0.692,0.521,10,-8.465,0,0.33,0.301,0,0.0565,0.463,100.45,4
1HNkqx9Ahdgi1Ixy2xkKkL,Photograph,85,258987,0,['Ed Sheeran'],['6eUKZXaKkcviH0Ku9w2n3V'],6/21/2014,0.614,0.379,4,-10.48,1,0.0476,0.607,0.000464,0.0986,0.201,107.989,4
3GVkPk8mqxz0itaAriG1L7,Everybody Dies In Their Nightmares,85,95467,1,['XXXTENTACION'],['15UsOTVnJzReFVN1VCnxy4'],8/25/2017,0.734,0.57,7,-7.066,0,0.133,0.847,2.14E-05,0.112,0.689,129.953,4
1zB4vmk8tFRmM9UULNzbLB,Thunder,85,187147,0,['Imagine Dragons'],['53XhwfbYqKCa1cC15pYq2q'],6/23/2017,0.605,0.822,0,-4.833,1,0.0438,0.00671,0.134,0.147,0.288,167.997,4
0JP9xo3adEtGSdUEISiszL,Moonlight,85,135090,1,['XXXTENTACION'],['15UsOTVnJzReFVN1VCnxy4'],3/16/2018,0.921,0.537,9,-5.723,0,0.0804,0.556,0.00404,0.102,0.711,128.009,4
2dpaYNEQHiRxtZbfNsse99,Happier,85,214290,0,"['Marshmello', 'Bastille']","['64KEffDW9EtZ1y2vBYgq8T', '7EQ0qTo7fWT7DPxmxtSYEc']",8/17/2018,0.687,0.792,5,-2.749,1,0.0452,0.191,0,0.167,0.671,100.015,4
3KkXRkHbMCARz0aVfEt68P,Sunflower - Spider-Man: Into the Spider-Verse,85,158040,0,"['Post Malone', 'Swae Lee']","['246dkjvS1zLTtiykXe5h60', '1zNqQNIdeOUZHb8zbZRFMX']",12/14/2018,0.76,0.479,2,-5.574,1,0.0466,0.556,0,0.0703,0.913,89.911,4
0rKtyWc8bvkriBthvHKY8d,SLOW DANCING IN THE DARK,85,209274,1,['Joji'],['3MZsBdqDrRTJihTHQrO6Dq'],10/26/2018,0.515,0.479,3,-7.458,1,0.0261,0.544,0.00598,0.191,0.284,88.964,4
2qxmye6gAegTMjLKEBoR3d,Let Me Down Slowly,85,169354,0,['Alec Benjamin'],['5IH6FPUwQTxPSXurCrcIov'],11/16/2018,0.652,0.557,1,-5.714,0,0.0318,0.74,0,0.124,0.483,150.073,4
4ZLzoOkj0MPWrTLvooIuaa,Get You The Moon (feat. SnÃ¸w),85,179080,0,"['Kina', 'SnÃ¸w']","['4qIVPF0s71ZYW3qzhu5GkF', '5fSVkkuijRIpxuvSqysYiP']",10/8/2018,0.498,0.235,1,-16.541,0,0.188,0.72,0,0.144,0.0895,118.917,4
4TnjEaWOeW0eKTKIEvJyCa,Falling,85,159382,0,['Trevor Daniel'],['7uaIm6Pw7xplS8Dy06V6pT'],10/5/2018,0.785,0.431,10,-8.756,0,0.0364,0.123,0,0.0887,0.236,127.085,4
3Dv1eDb0MEgF93GpLXlucZ,Say So,85,237893,1,['Doja Cat'],['5cj0lLjcoR7YOSnhnX0Po5'],11/7/2019,0.787,0.673,11,-4.577,0,0.158,0.256,3.57E-06,0.0904,0.786,110.962,4
4PEfJZpVjdclfzZ9XO8uDw,Hasta Abajo,85,229827,0,"['Kevin Roldan', 'Bryant Myers', 'Lyanno']","['1RBzGO6Nm3uyhUSxP7EDWO', '6w9ToX5slZ4uIdmD17hJ3c', '1Ts9of7VPZElwPQnqnDSfW']",10/4/2019,0.714,0.671,5,-5.119,1,0.362,0.289,0,0.325,0.641,169.732,4
2wrJq5XKLnmhRXHIAf9xBa,"10,000 Hours (with Justin Bieber)",85,167693,0,"['Dan + Shay', 'Justin Bieber']","['7z5WFjZAIYejWy0NI5lv4T', '1uNFoZAHBGtllmzznpCI3s']",10/4/2019,0.654,0.63,10,-4.644,1,0.0259,0.153,0,0.111,0.43,89.991,4
7k4t7uLgtOxPwTpFmtJNTY,Tusa,85,200960,0,"['KAROL G', 'Nicki Minaj']","['790FomKkXshlbRYZFtlgla', '0hCNtLu0JehylgoiP8L4Gh']",11/7/2019,0.803,0.715,2,-3.28,1,0.298,0.295,0.000134,0.0574,0.574,101.085,4
7B3z0ySL9Rr0XvZEAjWZzM,Sofia,85,188387,0,['Clairo'],['3l0CmX0FuQjFxr8SK7Vqag'],8/2/2019,0.744,0.619,0,-9.805,1,0.039,0.598,0.00372,0.231,0.641,112.997,4
62aP9fBQKYKxi7PDXwcUAS,ily (i love you baby) (feat. Emilee),85,176547,0,"['Surf Mesa', 'Emilee']","['1lmU3giNF3CSbkVSQmLpHQ', '4ArPQ1Opcksbbf3CPwEjWE']",11/26/2019,0.674,0.774,11,-7.567,0,0.0892,0.0686,0.00188,0.393,0.33,112.05,4
7CHi4DtfK4heMlQaudCuHK,Lose Control,85,168387,0,"['MEDUZA', 'Becky Hill', 'Goodboys']","['0xRXCcSX89eobfrshSVdyu', '4EPJlUEBy49EX1wuFOvtjK', '2nm38smINjms1LtczR0Cei']",10/11/2019,0.598,0.526,10,-8.659,0,0.0415,0.129,0,0.14,0.529,123.935,4
57RA3JGafJm5zRtKJiKPIm,Are You Bored Yet? (feat. Clairo),85,178000,0,"['Wallows', 'Clairo']","['0NIPkIjTV8mB795yEIiPYL', '3l0CmX0FuQjFxr8SK7Vqag']",3/22/2019,0.682,0.683,8,-6.444,0,0.0287,0.156,2.32E-05,0.273,0.64,120.023,4
6vFsBXYczYsP0H3lgunZOm,Cloud 9,85,147351,0,['Beach Bunny'],['2vnB6tuQMaQpORiRdvXF9H'],2/14/2020,0.637,0.929,4,-3.593,1,0.0491,0.00167,2.62E-05,0.344,0.902,80.974,4
7a53HqqArd4b9NF4XAmlbI,Kings & Queens,85,162399,0,['Ava Max'],['4npEfmQ6YuiwW1GpUmaq3F'],9/18/2020,0.637,0.69,1,-4.057,0,0.0405,0.00786,0,0.124,0.457,129.857,4
2Z8yfpFX0ZMavHkcIeHiO1,Monster (Shawn Mendes & Justin Bieber),85,178994,0,"['Shawn Mendes', 'Justin Bieber']","['7n2wHs1TKAczGzO7Dd2rGr', '1uNFoZAHBGtllmzznpCI3s']",11/20/2020,0.652,0.383,2,-7.076,0,0.0516,0.0676,0,0.0828,0.549,145.765,4
3PfIrDoz19wz7qK7tYeu62,Don't Start Now,85,183290,0,['Dua Lipa'],['6M2wZ9GZgrQXHCFfjv46we'],3/27/2020,0.793,0.793,11,-4.521,0,0.083,0.0123,0,0.0951,0.679,123.95,4
6qraVL4IJaIj0IuEexYJNa,ExplÃ­cito,85,195066,1,['Myke Towers'],['7iK8PXO48WeuP03g8YR51W'],12/15/2020,0.828,0.83,2,-3.371,1,0.047,0.348,1.60E-05,0.0613,0.422,95.007,4
4uoR6qeWeuL4Qeu2qJzkuG,HawÃ¡i,85,200198,0,['Maluma'],['1r4hJ1h58CWwUQe3MxPuau'],7/29/2020,0.787,0.728,6,-3.455,0,0.389,0.189,2.29E-05,0.0629,0.545,180.066,4
02MWAaffLxlfxAUY7c5dvx,Heat Waves,85,238805,0,['Glass Animals'],['4yvcSjfu4PC0CYQyLy4wSq'],8/6/2020,0.761,0.525,11,-6.9,1,0.0944,0.44,6.70E-06,0.0921,0.531,80.87,4
7D7EH7MGyNHWSkqrszerI1,BEBÃ‰,85,198707,0,"['Camilo', 'El Alfa']","['28gNT5KBp7IjEOQoevXf9N', '2oQX8QiMXOyuqbcZEFsZfm']",11/25/2020,0.862,0.72,4,-4.048,1,0.0379,0.487,1.19E-06,0.0604,0.965,129.972,4
4Iedi94TIaB2GGb1nMB68v,On Me,85,135960,1,['Lil Baby'],['5f7VJjfbwm532GiveGC0ZK'],12/4/2020,0.856,0.564,6,-6.295,0,0.392,0.00327,0,0.134,0.483,77.972,4
11EnQRgRMJwMAesfkB5pnu,Se Te Nota (with Guaynaa),85,155825,0,"['Lele Pons', 'Guaynaa']","['6i3DxIlAqnDkwELLw4aVrx', '0BqURncJM5B1BBu7UM51eq']",9/2/2020,0.905,0.686,0,-3.152,1,0.0664,0.0907,0,0.266,0.963,103.013,4
0A1hoCfMLkiAgvhWkkucJa,Body,85,171067,1,['Megan Thee Stallion'],['181bsRPaVXVlUKXrxwZfHK'],11/20/2020,0.914,0.732,8,-6.1,0,0.241,0.0166,0,0.107,0.469,94.066,4
5yY9lUy8nbvjM1Uyo1Uqoc,Life Is Good (feat. Drake),85,237735,1,"['Future', 'Drake']","['1RyvyyTE3xzB2ZywiAwp0i', '3TVXtAsR1Inumwj472S9r4']",1/10/2020,0.676,0.609,2,-5.831,0,0.481,0.0706,0,0.152,0.508,142.037,4
7JuHVG3qQKQKxC4doneXVW,Back In Blood (feat. Lil Durk),85,184490,1,"['Pooh Shiesty', 'Lil Durk']","['5F1aAS1duwlzExnPs3l2Xe', '3hcs9uc56yIGFCSy9leWe7']",11/6/2020,0.759,0.538,8,-8.256,0,0.384,0.151,0,0.126,0.831,146.933,4
73nAK3HgQK8dak83Y2WQ8F,Vida de Rico,85,187427,0,['Camilo'],['28gNT5KBp7IjEOQoevXf9N'],9/21/2020,0.824,0.457,6,-5.428,1,0.0543,0.167,0,0.041,0.95,87.977,4
3USxtqRwSYz57Ewm6wWRMp,Heat Waves,85,238805,0,['Glass Animals'],['4yvcSjfu4PC0CYQyLy4wSq'],8/7/2020,0.761,0.525,11,-6.9,1,0.0944,0.44,6.70E-06,0.0921,0.531,80.87,4
6Pgmqg15yVexuOgtzuxwoX,Dancing in My Room,85,180139,1,['347aidan'],['0bBz5bRBkExaej2HxtVfCw'],10/26/2020,0.98,0.413,8,-11.052,0,0.101,0.671,7.95E-05,0.17,0.764,119.993,4
0lx2cLdOt3piJbcaXIV74f,willow,85,214707,0,['Taylor Swift'],['06HL4z0CvFAxyc27GXpf02'],12/11/2020,0.392,0.574,7,-9.195,1,0.17,0.833,0.00179,0.145,0.529,81.112,4
1IIKrJVP1C9N7iPtG6eOsK,Go Crazy,85,176960,1,"['Chris Brown', 'Young Thug']","['7bXgB6jMjp9ATFy66eO08Z', '50co4Is1HCEo8bhOyUWKpn']",5/8/2020,0.755,0.578,0,-8.932,0,0.145,0.316,0,0.25,0.581,94.148,4
748mdHapucXQri7IAO8yFK,Kiss Me More (feat. SZA),85,208867,1,"['Doja Cat', 'SZA']","['5cj0lLjcoR7YOSnhnX0Po5', '7tYKF4w9nC0nq9CsPZTHyP']",4/9/2021,0.762,0.701,8,-3.541,1,0.0286,0.235,0.000158,0.123,0.742,110.968,4
3J8EOeKLTLXORtWPpOU5bE,Calling My Phone,85,205458,1,"['Lil Tjay', '6LACK']","['6jGMq4yGs7aQzuGsMgVgZR', '4IVAbR2w4JJNJDDRFP3E83']",4/2/2021,0.907,0.393,4,-7.636,0,0.0539,0.451,1.35E-06,0.135,0.202,104.949,4
2pn8dNVSpYnAtlKFC8Q0DJ,On The Ground,85,168086,0,['ROSÃ‰'],['3eVa5w3URK5duf6eyVDbu9'],3/12/2021,0.311,0.607,1,-6.578,1,0.11,0.0174,0,0.131,0.286,188.7,4
1Crj1zkRMpsEjb9NOR6Zof,"L-Gante: Bzrp Music Sessions, Vol.38",85,192348,0,"['Bizarrap', 'L-Gante']","['716NhGYqD1jl2wI1Qkgq36', '4YYxffPVDFe9XoqqbRW6Bq']",3/10/2021,0.553,0.819,2,-3.083,1,0.257,0.368,1.36E-05,0.0915,0.761,87.913,4
3CeCwYWvdfXbZLXFhBrbnf,Love Story (Taylorâ€™s Version),85,235767,0,['Taylor Swift'],['06HL4z0CvFAxyc27GXpf02'],2/12/2021,0.626,0.79,2,-4.302,1,0.0311,0.135,3.97E-06,0.0989,0.416,119.082,4
6F2r4HgpJnvKDmkN6JEN6J,As I Am (feat. Khalid),85,174406,0,"['Justin Bieber', 'Khalid']","['1uNFoZAHBGtllmzznpCI3s', '6LuN9FCkKOj5PcnpouEgny']",3/19/2021,0.595,0.543,11,-8.149,1,0.038,0.127,0,0.0975,0.109,99.928,4
4jPy3l0RUwlUI9T5XHBW2m,Mood (feat. iann dior),85,140533,1,"['24kGoldn', 'iann dior']","['6fWVd57NKTalqvmjRd2t8Z', '6ASri4ePR7RlsvIQgWPJpS']",3/26/2021,0.701,0.716,7,-3.671,0,0.0361,0.174,0,0.324,0.732,91.007,4
11ZulcYY4lowvcQm4oe3VJ,Slumber Party (feat. Princess Nokia),85,178405,1,"['Ashnikko', 'Princess Nokia']","['3PyJHH2wyfQK3WZrk9rpmP', '6lay1nwbE6hTx1jivysUAL']",1/15/2021,0.964,0.398,11,-8.981,0,0.0795,0.00151,3.95E-05,0.101,0.563,105.012,4
2Gjt4rUHBUH0rMKpBg0hF4,Disco Arranhado - Funk Remix,85,125558,0,"['Malu', 'DJ Lucas Beat']","['3fll16LLw6kdDxWzSpJPEQ', '2zWqENF4cnsd1nLmraG9IE']",1/22/2021,0.747,0.725,2,-2.564,0,0.363,0.551,0,0.0626,0.904,129.96,4
73O30uMI7n6DuzBmbtO7kC,Antes,85,206587,0,"['Anuel AA', 'Ozuna']","['2R21vXR83lH98kGeO99Y66', '1i8SpTcr7yvPOmcqrbnVXY']",1/22/2021,0.817,0.737,6,-5.453,0,0.102,0.046,1.57E-05,0.092,0.67,93.985,4
1LXb70u8SLsvBAPWHMCTMe,Machu Picchu,85,179005,0,"['Camilo', 'Evaluna Montaner']","['28gNT5KBp7IjEOQoevXf9N', '52qzWdNUp6ebjcNsvgZSiC']",3/1/2021,0.788,0.789,0,-2.39,1,0.124,0.397,0,0.226,0.867,167.897,4
2h9TDNEXRhcDIV3fsoEVq9,What Other People Say,85,194890,1,"['Sam Fischer', 'Demi Lovato']","['6L1XC7NrmgWRlwAeLJvVtA', '6S2OmqARrzebs0tKUEyXyp']",2/4/2021,0.652,0.472,7,-8.084,1,0.0399,0.158,0,0.121,0.24,126.904,4
2WnAKZefdRHxtBEkRjFOHC,Anyone,85,190779,0,['Justin Bieber'],['1uNFoZAHBGtllmzznpCI3s'],3/19/2021,0.685,0.521,2,-8.285,1,0.0345,0.185,3.59E-06,0.111,0.578,115.885,4
40riOy7x9W7GXjyGp4pjAv,Hotel California - 2013 Remaster,84,391376,0,['Eagles'],['0ECwFtbIWEVNwjlrfc6xoL'],12/8/1976,0.579,0.508,2,-9.484,1,0.027,0.00574,0.000494,0.0575,0.609,147.125,4
2zYzyRzz6pRmhPzyfMEC8s,Highway to Hell,84,208400,0,['AC/DC'],['711MCceyCBcFnzjGY4Q7Un'],7/27/1979,0.574,0.913,6,-4.793,0,0.133,0.061,0.00158,0.156,0.423,115.728,4
2374M0fQpWi3dLnB54qaLX,Africa,84,295893,0,['TOTO'],['0PFtn5NtBbbUNbU9EAmIWF'],4/8/1982,0.671,0.373,9,-18.064,1,0.0323,0.257,8.01E-05,0.0481,0.732,92.718,4
4RvWPyQ5RL0ao9LPZeSouE,Everybody Wants To Rule The World,84,251489,0,['Tears For Fears'],['4bthk9UfsYUYdcFyqxmSUU'],2/25/1985,0.645,0.795,7,-12.095,1,0.0527,0.347,0.00389,0.104,0.535,112.067,4
37ZJ0p5Jm13JPevGcx4SkF,Livin' On A Prayer,84,249293,0,['Bon Jovi'],['58lV9VcRSjABbAbfWS6skp'],8/16/1986,0.532,0.887,0,-3.757,1,0.0335,0.0778,0.000214,0.294,0.795,122.511,4
60a0Rd6pjrkxjPbaKzXjfq,In the End,84,216880,0,['Linkin Park'],['6XyY86QOPPrYVGvF9ch6wz'],10/24/2000,0.556,0.864,3,-5.87,0,0.0584,0.00958,0,0.209,0.4,105.143,4
3yfqSUWxFvZELEM4PmlwIR,The Real Slim Shady,84,284200,1,['Eminem'],['7dGJo4pcD2V6oG8kP0tJRR'],5/23/2000,0.949,0.661,5,-4.244,0,0.0572,0.0302,0,0.0454,0.76,104.504,4
75JFxkI2RXiU7L9VXzMkle,The Scientist,84,309600,0,['Coldplay'],['4gzpq5DPGxSnKTe4SA8HAU'],8/8/2002,0.557,0.442,5,-7.224,1,0.0243,0.731,1.46E-05,0.11,0.213,146.277,4
3dPQuX8Gs42Y7b454ybpMR,Seven Nation Army,84,231733,0,['The White Stripes'],['4F84IBURUo98rz4r61KF70'],4/1/2003,0.726,0.463,0,-7.828,1,0.0799,0.00817,0.447,0.255,0.321,123.881,4
3ZFTkvIE7kyPt6Nu3PEa7V,Hips Don't Lie (feat. Wyclef Jean),84,218093,0,"['Shakira', 'Wyclef Jean']","['0EmeFodog0BfCgMzAIvKQp', '7aBzpmFXB4WWpPl2F7RjBe']",11/28/2005,0.778,0.824,10,-5.892,0,0.0712,0.284,0,0.405,0.756,100.024,4
0zMAvsQmaQ4DGsmXtKixpn,Burning Pile,84,262173,0,['Mother Mother'],['0e86yPdC41PGRkLp2Q1Bph'],9/23/2008,0.516,0.755,5,-3.724,1,0.0383,0.0633,0.00103,0.107,0.165,140.099,4
4HlFJV71xXKIGcU3kRyttv,"Hey, Soul Sister",84,216773,0,['Train'],['3FUY2gzHeIiaesXtOAdB7A'],12/1/2010,0.673,0.886,1,-4.44,0,0.0431,0.185,0,0.0826,0.795,97.012,4
4cluDES4hQEUhmXj6TXkSo,What Makes You Beautiful,84,199987,0,['One Direction'],['4AK6F7OLvEQ5QYCBNiQWHq'],5/25/2012,0.726,0.787,4,-2.494,1,0.0737,0.009,0,0.0596,0.888,124.99,4
4nVBt6MZDDP6tRVdQTgxJg,Story of My Life,84,245493,0,['One Direction'],['4AK6F7OLvEQ5QYCBNiQWHq'],11/25/2013,0.6,0.663,3,-5.802,1,0.0477,0.225,0,0.119,0.286,121.07,4
0NlGoUyOJSuSHmngoibVAs,All I Want,84,305747,0,['Kodaline'],['4BxCuXFJrSWGi1KHcVqaU4'],6/17/2013,0.209,0.412,0,-9.733,1,0.0443,0.172,0.15,0.0843,0.162,86.26,3
2tpWsVSb9UEmDRxAl1zhX1,Counting Stars,84,257267,0,['OneRepublic'],['5Pwc4xIPtQLFEnJriah9YJ'],1/1/2013,0.664,0.705,1,-4.972,0,0.0382,0.0654,0,0.118,0.477,122.016,4
3dYD57lRAUcMHufyqn9GcI,Take Me To Church,84,241688,0,['Hozier'],['2FXC3k01G6Gw61bmprjgqS'],7/20/2014,0.566,0.664,4,-5.303,0,0.0464,0.634,0,0.116,0.437,128.945,4
34gCuhDGsG4bRPIf9bb02f,Thinking out Loud,84,281560,0,['Ed Sheeran'],['6eUKZXaKkcviH0Ku9w2n3V'],6/21/2014,0.781,0.445,2,-6.061,1,0.0295,0.474,0,0.184,0.591,78.998,4
4DpNNXFMMxQEKl7r0ykkWA,Play Date,84,179867,1,['Melanie Martinez'],['63yrD80RY3RNEM2YDpUpO8'],8/14/2015,0.68,0.729,5,-5.077,1,0.0475,0.612,0,0.224,0.446,123.97,4
50kpGaPAhYJ3sGmk6vplg0,Love Yourself,84,233720,0,['Justin Bieber'],['1uNFoZAHBGtllmzznpCI3s'],11/13/2015,0.609,0.378,4,-9.828,1,0.438,0.835,0,0.28,0.515,100.418,4
0KKkJNfGyhkQ5aFogxQAPU,That's What I Like,84,206693,0,['Bruno Mars'],['0du5cEVh5yTK9QJze8zA0C'],11/17/2016,0.853,0.56,1,-4.961,1,0.0406,0.013,0,0.0944,0.86,134.066,4
1v1oIWf2Xgh54kIWuKsDf6,Runaway,84,248827,0,['AURORA'],['1WgXqy2Dd70QQOU7Ay074N'],3/11/2016,0.422,0.302,11,-9.214,1,0.0372,0.629,7.83E-05,0.104,0.123,114.089,4
5NvOZCjZaGGGL597exlQWv,Line Without a Hook,84,249587,0,['Ricky Montgomery'],['0ZUvK7zGdXLd78mQr3t1Tw'],4/8/2016,0.432,0.652,8,-4.969,1,0.0285,0.262,0,0.258,0.507,190.028,3
0wXuerDYiBnERgIpbb3JBR,Redbone,84,326933,1,['Childish Gambino'],['73sIBHcqh3Z3NyqHKZ7FOL'],12/2/2016,0.743,0.347,1,-11.174,1,0.121,0.167,0.00951,0.103,0.572,160.143,4
